Apo_PDB_ID,Holo_PDB_ID,Ligands,Ions
5vmm,2w72,['HEM'],['K']
5j80,6tn5,[],[]
2ofm,1x8q,['HEM'],[]
1gfs,1e7s,[],[]
1k6i,1xgk,[],['K']
1pdb,1kmv,[],[]
6yqm,6yqm,[],[]
1gcu,1lc0,[],[]
1d6j,1m7h,[],[]
3n80,8dr9,[],['NA']
6etk,7p4r,[],[]
2cnu,2cnq,['ADP'],['MG']
1xgd,1us0,[],[]
7u8k,4b1y,['ATP'],['MG']
1a4u,1b16,[],[]
1ceq,2a94,[],[]
1ufp,5yce,['HEM'],[]
3cue,2bcg,['GDP'],['MG']
7a2b,1zk4,[],['MG']
1apc,6dyf,['HEC'],['CU']
1gqv,2bzz,[],[]
1ffh,2j46,[],['MN']
2cd9,2cdb,[],['ZN']
2e1h,2dxu,[],[]
4jp2,4jp3,[],[]
2j9d,2j9e,['ATP'],"['MG', 'NA']"
2rh2,2rk1,[],[]
2g9i,7uld,['GTP'],"['MN', 'NA']"
3ish,2q0k,[],[]
2qys,2qw8,[],[]
1jks,4pf4,[],"['MG', 'NA']"
2y51,2y5d,[],[]
3a7f,3a7i,[],[]
3k74,8uw0,[],['MN']
3wjd,4ymy,[],[]
3eva,3evf,[],[]
2ig7,3lq3,['ADP'],['MG']
3fwk,3g59,[],[]
2n1b,7mo5,['GDP'],"['MG', 'ZN']"
4fsv,5fpe,[],[]
3keq,3keq,[],[]
4co3,4cnz,[],[]
3mjc,3mjs,[],[]
3mok,5iqx,['HEM'],['NA']
3ncp,3ncr,['ADP'],['MG']
3oif,3oif,[],[]
3tla,4iiy,[],[]
4e3x,3v9j,[],[]
2yz7,5b4t,[],['NA']
8dqt,5lvo,[],[]
4bg9,4bga,['ADP'],"['K', 'MG']"
4c5l,4c5j,[],[]
4ccr,4up3,[],[]
3uxm,3uwk,[],[]
6epp,8onv,['GDP'],['MG']
4fzi,4fzi,[],[]
5chp,4gta,[],[]
4gkb,4gkb,[],['CA']
2rh5,4jl5,[],[]
7qv9,4qnr,['ATP'],['MG']
4trm,4ohu,[],[]
5c4r,5c4n,[],[]
4xyg,4xye,[],[]
4zid,5aus,['HEC'],[]
7qni,7r3d,[],['FE']
5u95,5bst,[],['MG']
7g90,6v6u,['GDP'],['MG']
7g90,6v6u,['GDP'],['MG']
4xap,4pmj,[],[]
7fzq,7fez,[],[]
5zn1,3war,[],[]
6nlf,6nlg,['HEM'],['K']
5dcw,5dcy,[],[]
5dna,6d4b,[],[]
5ey7,5f0z,[],"['CA', 'NA']"
4z7y,5gme,[],[]
5x1r,5x1s,[],[]
5htr,5htv,[],[]
5uxa,5iwu,[],['CA']
5jbj,5jbg,['ADP'],"['MG', 'ZN']"
5l40,5l3z,[],[]
4cs6,5luh,['ATP'],['CA']
6azp,6bmt,['HEM'],['CA']
5ics,6h0m,[],['NA']
1yl5,5ugv,[],[]
4dcv,2hjg,[],['ZN']
5ggb,6m65,['GDP'],['MG']
3x39,2exv,['HEC'],[]
5y1d,5y1g,[],[]
6iep,4qx6,[],[]
4h7w,5v1m,[],[]
6zx9,6qaj,[],['ZN']
5us8,5us8,[],[]
4pd0,6fgd,['ADP'],"['CA', 'NA']"
3tw8,6ekk,[],[]
6jsd,6jsc,['HEM'],['NA']
8huk,6lxa,[],[]
6m5h,6m5p,[],[]
6n4a,6ntb,[],[]
2fr2,6r3y,['HEM'],[]
5jmt,5y6n,['ADP'],['MN']
6teq,6teq,[],[]
7kr0,7tx0,[],[]
6x2e,6ok4,[],[]
6x99,6x9a,[],[]
6xxh,8a0f,[],[]
1g5y,6lb4,[],[]
7d48,7d4o,['ATP'],['MG']
6iau,7qzn,[],[]
1dkg,7kru,['ATP'],['MG']
1bcp,7sne,[],[]
8eac,3apt,[],[]
7ywj,5n81,[],[]
7zzx,8crh,[],[]
7uly,2vb1,[],[]
8bci,8bci,[],[]
6tuu,5j4l,[],[]
8d0p,8d0u,[],[]
8sbn,8u96,[],[]
9b1z,9b20,[],['MG']
